<?xml version="1.0" encoding="UTF-8"?>
<beans xmlns="http://www.springframework.org/schema/beans"
	xmlns:xsi="http://www.w3.org/2001/XMLSchema-instance"
	xmlns:context="http://www.springframework.org/schema/context"
	xmlns:tx="http://www.springframework.org/schema/tx"
	xsi:schemaLocation="http://www.springframework.org/schema/beans http://www.springframework.org/schema/beans/spring-beans.xsd
		http://www.springframework.org/schema/context http://www.springframework.org/schema/context/spring-context-4.0.xsd
		http://www.springframework.org/schema/tx http://www.springframework.org/schema/tx/spring-tx-4.0.xsd">

	<!-- 扫描组件包 -->
	<context:component-scan base-package="com.demo"></context:component-scan>

	<!-- 加载properties配置文件 -->
	<context:property-placeholder location="classpath:db.properties"/>
	
	<!-- 配置数据源 -->
	<bean id="dataSource" class="org.springframework.jdbc.datasource.DriverManagerDataSource">
		<property name="driverClassName" value="${mysql.driver}"></property>
		<property name="url" value="${mysql.url}"></property>
		<property name="username" value="${mysql.username}"></property>
		<property name="password" value="${mysql.password}"></property>
	</bean>
	
	<!-- 配置sessionFactory -->
	<bean id="sessionFactory" class="org.springframework.orm.hibernate4.LocalSessionFactoryBean">
		<property name="dataSource" ref="dataSource"></property>
		<property name="hibernateProperties">
			<props>
				<prop key="hibernate.dialect">org.hibernate.dialect.MySQLDialect</prop>
				<prop key="hibernate.show_sql">true</prop>
				<prop key="hibernate.format_sql">true</prop>
			</props>
		</property>
		<!-- 加载实体类 -->
		<property name="packagesToScan" value="com.demo.model"></property>
	</bean>
	
	<bean id="template" class="org.springframework.orm.hibernate4.HibernateTemplate">
		<property name="sessionFactory" ref="sessionFactory"></property>
	</bean>
	
	
	<!-- 创建事务 -->
	<!-- 创建事务管理器 -->
	<bean id="transactionManager" class="org.springframework.orm.hibernate4.HibernateTransactionManager">
		<property name="sessionFactory" ref="sessionFactory"></property>
	</bean>
	
	<tx:annotation-driven transaction-manager="transactionManager" proxy-target-class="true"/>
</beans>
