<?xml version="1.0"?>
<!DOCTYPE hibernate-mapping PUBLIC "-//Hibernate/Hibernate Mapping DTD 3.0//EN"
"http://hibernate.sourceforge.net/hibernate-mapping-3.0.dtd">
<hibernate-mapping>
    <class name="com.demo.model.dept" table="DEPT">
        <id name="did" type="java.lang.Integer">
            <column name="DID" />
            <generator class="sequence" >
            	<param name="sequence">seq_dept</param>
            </generator>
        </id>
        <property name="dname" type="java.lang.String">
            <column name="DNAME" />
        </property>
        <set name="users"  table="users" cascade="save-update">
        	<key>
        		<column name="DID"></column>
        	</key>
        	<one-to-many class="com.demo.model.users"/>
        </set>
    </class>
</hibernate-mapping>
