<?xml version="1.0"?>
<!DOCTYPE hibernate-mapping PUBLIC "-//Hibernate/Hibernate Mapping DTD 3.0//EN"
"http://hibernate.sourceforge.net/hibernate-mapping-3.0.dtd">
<hibernate-mapping>
    <class name="com.demo.model.users" table="USERS">
        <id name="userid" type="java.lang.Integer">
            <column name="USERID" />
            <generator class="sequence" >
            	<param name="sequence">seq_users</param>
            </generator>
        </id>
        <property name="username" type="java.lang.String">
            <column name="USERNAME" />
        </property>
        <property name="userpwd" type="java.lang.String">
            <column name="USERPWD" />
        </property>
        <property name="email" type="java.lang.String">
            <column name="EMAIL" />
        </property>
        <many-to-one name="dept" class="com.demo.model.dept" fetch="join">
            <column name="DID" />
        </many-to-one>
    </class>
</hibernate-mapping>
